insert into Endereco (IdEndereco, CEP, UF, Cidade, Bairro, Endereco, Numero, Complemento) values (1, '61715-032', 'SP', 'Morani', 'Barby', '887 Portage Terrace', '746', 'Circle');
insert into Endereco (IdEndereco, CEP, UF, Cidade, Bairro, Endereco, Numero, Complemento) values (2, '43857-0041', 'SC', 'Sambungjaya', 'Mitchell', '485 Buena Vista Court', '8545', 'Lane');
insert into Endereco (IdEndereco, CEP, UF, Cidade, Bairro, Endereco, Numero, Complemento) values (3, '43538-501', 'PE', 'Tamanar', 'Cardinal', '3 Rieder Junction', '4', 'Avenue');
insert into Endereco (IdEndereco, CEP, UF, Cidade, Bairro, Endereco, Numero, Complemento) values (4, '59735-300', 'PB', 'Erdaocha', 'Brentwood', '61641 Talisman Trail', '050', 'Point');
insert into Endereco (IdEndereco, CEP, UF, Cidade, Bairro, Endereco, Numero, Complemento) values (5, '0603-9388', 'CE', 'Seattle', 'Westend', '95330 Toban Avenue', '554', 'Parkway');
insert into Endereco (IdEndereco, CEP, UF, Cidade, Bairro, Endereco, Numero, Complemento) values (6, '55111-148', 'MT', 'Kasangulu', 'Cascade', '98939 Springs Lane', '1446', 'Park');
insert into Endereco (IdEndereco, CEP, UF, Cidade, Bairro, Endereco, Numero, Complemento) values (7, '60505-1329', 'MS', 'Koroška Bela', 'Barby', '5165 8th Plaza', '90', 'Pass');
insert into Endereco (IdEndereco, CEP, UF, Cidade, Bairro, Endereco, Numero, Complemento) values (8, '11701-047', 'RN', 'Stavanger', 'Sommers', '80766 Laurel Avenue', '4', 'Terrace');
insert into Endereco (IdEndereco, CEP, UF, Cidade, Bairro, Endereco, Numero, Complemento) values (9, '54569-3406', 'MG', 'Xunhe', 'Anzinger', '22 Ludington Alley', '511', 'Parkway');
insert into Endereco (IdEndereco, CEP, UF, Cidade, Bairro, Endereco, Numero, Complemento) values (10, '48951-7029', 'RS', 'Roshal', 'Dawn', '8 Mendota Circle', '603', 'Trail');
insert into Endereco (IdEndereco, CEP, UF, Cidade, Bairro, Endereco, Numero, Complemento) values (11, '13537-247', 'TO', 'Kuhmalahti', 'Sheridan', '0 Troy Junction', '5', 'Parkway');
insert into Endereco (IdEndereco, CEP, UF, Cidade, Bairro, Endereco, Numero, Complemento) values (12, '55648-964', 'RO', 'Gongpo', 'Badeau', '669 West Center', '98', 'Junction');
insert into Endereco (IdEndereco, CEP, UF, Cidade, Bairro, Endereco, Numero, Complemento) values (13, '68196-915', 'RR', 'Hitiaa', 'Drewry', '53427 Oakridge Court', '7604', 'Center');
insert into Endereco (IdEndereco, CEP, UF, Cidade, Bairro, Endereco, Numero, Complemento) values (14, '47219-203', 'AM', 'Caronoan West', 'Northland', '1 Carberry Parkway', '23', 'Place');
insert into Endereco (IdEndereco, CEP, UF, Cidade, Bairro, Endereco, Numero, Complemento) values (15, '54569-2034', 'BA', 'Npongge', 'Roth', '6657 Crescent Oaks Pass', '9064', 'Street');
insert into Endereco (IdEndereco, CEP, UF, Cidade, Bairro, Endereco, Numero, Complemento) values (16, '0173-0821', 'DF', 'Kansas City', 'Old Gate', '08893 Marcy Drive', '318', 'Circle');
insert into Endereco (IdEndereco, CEP, UF, Cidade, Bairro, Endereco, Numero, Complemento) values (17, '54868-5085', 'ES', 'Kara Suu', 'Anzinger', '95583 Thackeray Terrace', '78', 'Trail');
insert into Endereco (IdEndereco, CEP, UF, Cidade, Bairro, Endereco, Numero, Complemento) values (18, '61703-359', 'AL', 'Kourou', 'Monument', '69 Maple Junction', '323', 'Place');
insert into Endereco (IdEndereco, CEP, UF, Cidade, Bairro, Endereco, Numero, Complemento) values (19, '52083-632', 'RJ', 'Zhenxi', 'Northport', '05 Dawn Hill', '1213', 'Hill');
insert into Endereco (IdEndereco, CEP, UF, Cidade, Bairro, Endereco, Numero, Complemento) values (20, '51079-763', 'SC', 'Bāgh-e Malek', 'Hovde', '282 Dexter Court', '6', 'Street');

insert into Cliente (idCliente, Nome, CPF, DataNascimento, Sexo, Fone, Celular, email, IdEndereco) values (1, 'Violet Ferrario', '892.204.728-53', '15/07/2004', 'Female', '(83) 93639674', '(77) 99773369', 'vferrario0@tinypic.com', 1);
insert into Cliente (idCliente, Nome, CPF, DataNascimento, Sexo, Fone, Celular, email, IdEndereco) values (2, 'Marita Silberschatz', '762.214.457-56', '09/01/2008', 'Female', '(55) 95271163', '(05) 93999236', 'msilberschatz1@diigo.com', 2);
insert into Cliente (idCliente, Nome, CPF, DataNascimento, Sexo, Fone, Celular, email, IdEndereco) values (3, 'Silvano Mirams', '296.678.715-55', '29/09/2010', 'Male', '(66) 95078910', '(54) 95578027', 'smirams2@zdnet.com', 3);
insert into Cliente (idCliente, Nome, CPF, DataNascimento, Sexo, Fone, Celular, email, IdEndereco) values (4, 'Milissent Overshott', '560.925.200-98', '29/01/2003', 'Male', '(04) 93506318', '(24) 99173275', 'movershott3@eepurl.com', 4);
insert into Cliente (idCliente, Nome, CPF, DataNascimento, Sexo, Fone, Celular, email, IdEndereco) values (5, 'Stesha Crosetti', '863.217.126-37', '15/02/2016', 'Female', '(60) 99664275', '(59) 97706918', 'scrosetti4@blogger.com', 5);
insert into Cliente (idCliente, Nome, CPF, DataNascimento, Sexo, Fone, Celular, email, IdEndereco) values (6, 'Deva Delhay', '667.521.967-97', '17/04/2008', 'Female', '(21) 97805843', '(96) 94272962', 'ddelhay5@smh.com.au', 6);
insert into Cliente (idCliente, Nome, CPF, DataNascimento, Sexo, Fone, Celular, email, IdEndereco) values (7, 'Burtie Tyne', '619.922.077-23', '15/06/2011', 'Male', '(25) 91905929', '(90) 92805084', 'btyne6@forbes.com', 7);
insert into Cliente (idCliente, Nome, CPF, DataNascimento, Sexo, Fone, Celular, email, IdEndereco) values (8, 'Fulvia Dominguez', '938.978.026-78', '13/03/2006', 'Female', '(146) 92589490', '(92) 91448316', 'fdominguez7@oaic.gov.au', 8);
insert into Cliente (idCliente, Nome, CPF, DataNascimento, Sexo, Fone, Celular, email, IdEndereco) values (9, 'Reta Ferguson', '670.909.397-82', '16/09/2010', 'Female', '(08) 92769191', '(39) 98468639', 'rferguson8@amazon.co.jp', 9);
insert into Cliente (idCliente, Nome, CPF, DataNascimento, Sexo, Fone, Celular, email, IdEndereco) values (10, 'Marley Goulborne', '482.329.477-17', '01/11/2009', 'Female', '(57) 97589096', '(84) 93221797', 'mgoulborne9@google.it', 10);
insert into Cliente (idCliente, Nome, CPF, DataNascimento, Sexo, Fone, Celular, email, IdEndereco) values (11, 'Mateo Jeakins', '941.100.103-93', '07/10/2004', 'Male', '(12) 92199848', '(39) 98065609', 'mjeakinsa@archive.org', 11);
insert into Cliente (idCliente, Nome, CPF, DataNascimento, Sexo, Fone, Celular, email, IdEndereco) values (12, 'Barbaraanne Green', '987.917.832-27', '22/12/2011', 'Male', '(95) 97753060', '(24) 98594795', 'bgreenb@jimdo.com', 12);
insert into Cliente (idCliente, Nome, CPF, DataNascimento, Sexo, Fone, Celular, email, IdEndereco) values (13, 'Dori Corcut', '601.902.960-23', '16/03/2021', 'Female', '(07) 96786134', '(15) 99592835', 'dcorcutc@marriott.com', 13);
insert into Cliente (idCliente, Nome, CPF, DataNascimento, Sexo, Fone, Celular, email, IdEndereco) values (14, 'Nowell Scothron', '633.116.641-76', '04/11/2008', 'Male', '(36) 96865223', '(17) 97284571', 'nscothrond@over-blog.com', 14);
insert into Cliente (idCliente, Nome, CPF, DataNascimento, Sexo, Fone, Celular, email, IdEndereco) values (15, 'Annmaria Klimowski', '000.808.747-34', '10/01/2018', 'Female', '(32) 97936208', '(97) 96982216', 'aklimowskie@forbes.com', 15);
insert into Cliente (idCliente, Nome, CPF, DataNascimento, Sexo, Fone, Celular, email, IdEndereco) values (16, 'Coral Leachman', '262.945.755-89', '23/12/2005', 'Female', '(22) 96822200', '(12) 98859245', 'cleachmanf@blog.com', 16);
insert into Cliente (idCliente, Nome, CPF, DataNascimento, Sexo, Fone, Celular, email, IdEndereco) values (17, 'Rosa Kasparski', '102.464.744-57', '30/01/2003', 'Male', '(58) 96976975', '(60) 97843962', 'rkasparskig@wordpress.org', 17);
insert into Cliente (idCliente, Nome, CPF, DataNascimento, Sexo, Fone, Celular, email, IdEndereco) values (18, 'Germain Bottrill', '410.186.882-44', '13/08/2001', 'Male', '(09) 96883846', '(39) 93821917', 'gbottrillh@issuu.com', 18);
insert into Cliente (idCliente, Nome, CPF, DataNascimento, Sexo, Fone, Celular, email, IdEndereco) values (19, 'Guthrie Bwy', '398.906.235-12', '08/01/2010', 'Male', '(41) 96250488', '(04) 99107064', 'gbwyi@amazon.de', 19);
insert into Cliente (idCliente, Nome, CPF, DataNascimento, Sexo, Fone, Celular, email, IdEndereco) values (20, 'Daven Wisham', '054.702.897-30', '03/12/2002', 'Male', '(61) 99697161', '(18) 94012993', 'dwishamj@vistaprint.com', 20);
insert into Cliente (idCliente, Nome, CPF, DataNascimento, Sexo, Fone, Celular, email, IdEndereco) values (21, 'Martyn Glidder', '202.463.473-87', '20/09/2003', 'Male', '(98) 93719488', '(70) 95626236', 'mglidderk@mysql.com', 1);
insert into Cliente (idCliente, Nome, CPF, DataNascimento, Sexo, Fone, Celular, email, IdEndereco) values (22, 'Abra Wiper', '247.618.538-08', '17/01/2018', 'Female', '(37) 97080273', '(15) 94144540', 'awiperl@yellowpages.com', 2);
insert into Cliente (idCliente, Nome, CPF, DataNascimento, Sexo, Fone, Celular, email, IdEndereco) values (23, 'Audrey Versey', '689.732.882-90', '14/11/2011', 'Female', '(58) 93533680', '(54) 92604656', 'averseym@over-blog.com', 3);
insert into Cliente (idCliente, Nome, CPF, DataNascimento, Sexo, Fone, Celular, email, IdEndereco) values (24, 'Koo Barensen', '176.966.241-93', '26/05/2004', 'Female', '(31) 94848083', '(61) 94010682', 'kbarensenn@msu.edu', 4);
insert into Cliente (idCliente, Nome, CPF, DataNascimento, Sexo, Fone, Celular, email, IdEndereco) values (25, 'Cesare Fyrth', '106.723.879-44', '08/01/2008', 'Male', '(87) 98216239', '(93) 98192634', 'cfyrtho@cam.ac.uk', 5);
insert into Cliente (idCliente, Nome, CPF, DataNascimento, Sexo, Fone, Celular, email, IdEndereco) values (26, 'Artur Adamik', '235.387.941-51', '12/04/2007', 'Male', '(83) 93921491', '(80) 94282187', 'aadamikp@go.com', 6);
insert into Cliente (idCliente, Nome, CPF, DataNascimento, Sexo, Fone, Celular, email, IdEndereco) values (27, 'Berthe Carroll', '660.207.734-61', '30/08/2020', 'Female', '(63) 93812610', '(22) 92288079', 'bcarrollq@drupal.org', 7);
insert into Cliente (idCliente, Nome, CPF, DataNascimento, Sexo, Fone, Celular, email, IdEndereco) values (28, 'Marya Chung', '192.582.235-34', '10/04/2021', 'Female', '(45) 96485889', '(74) 93041099', 'mchungr@cloudflare.com', 8);
insert into Cliente (idCliente, Nome, CPF, DataNascimento, Sexo, Fone, Celular, email, IdEndereco) values (29, 'Mari Keling', '102.930.716-34', '17/01/2010', 'Female', '(28) 93381689', '(82) 91591768', 'mkelings@about.com', 9);
insert into Cliente (idCliente, Nome, CPF, DataNascimento, Sexo, Fone, Celular, email, IdEndereco) values (30, 'Roanne Whelband', '693.229.715-89', '06/08/2005', 'Female', '(13) 93017576', '(82) 96728529', 'rwhelbandt@vistaprint.com', 10);

insert into Vendedor (idVendedor, Nome, CPF, DataNascimento, Sexo, Comissao, Fone, Celular, email, IdEndereco) values (1, 'Kelcy McKibben', '724.662.134-92', '10/03/2022', 'Female', 133.71, '(60) 99557066', '(97) 93566168', 'kmckibben0@indiatimes.com', 1);
insert into Vendedor (idVendedor, Nome, CPF, DataNascimento, Sexo, Comissao, Fone, Celular, email, IdEndereco) values (2, 'Baxy Pyser', '530.297.162-53', '15/10/2020', 'Male', 132.37, '(32) 97285623', '(72) 98701474', 'bpyser1@mail.ru', 2);
insert into Vendedor (idVendedor, Nome, CPF, DataNascimento, Sexo, Comissao, Fone, Celular, email, IdEndereco) values (3, 'Abra Huzzay', '581.728.384-70', '26/01/2009', 'Female', 102.92, '(41) 95741013', '(72) 98654272', 'ahuzzay2@flickr.com', 3);
insert into Vendedor (idVendedor, Nome, CPF, DataNascimento, Sexo, Comissao, Fone, Celular, email, IdEndereco) values (4, 'Caralie Bussen', '978.295.093-69', '17/12/2012', 'Male', 204.03, '(59) 999943794', '(18) 8759471', 'cbussen3@boston.com', 4);
insert into Vendedor (idVendedor, Nome, CPF, DataNascimento, Sexo, Comissao, Fone, Celular, email, IdEndereco) values (5, 'Any Iwanicki', '712.684.730-30', '13/10/2020', 'Male', 187.77, '(99) 96876699', '(87) 96341588', 'aiwanicki4@desdev.cn', 5);
insert into Vendedor (idVendedor, Nome, CPF, DataNascimento, Sexo, Comissao, Fone, Celular, email, IdEndereco) values (6, 'Ricky Sporner', '956.884.379-75', '31/05/2011', 'Female', 295.03, '(95) 96071165', '(56) 95202560', 'rsporner5@meetup.com', 6);
insert into Vendedor (idVendedor, Nome, CPF, DataNascimento, Sexo, Comissao, Fone, Celular, email, IdEndereco) values (7, 'Shannah Plester', '035.203.223-35', '15/06/2003', 'Female', 181.85, '(89) 94178345', '(85) 95490859', 'splester6@zimbio.com', 7);
insert into Vendedor (idVendedor, Nome, CPF, DataNascimento, Sexo, Comissao, Fone, Celular, email, IdEndereco) values (8, 'Helaina Bedbrough', '080.455.678-66', '13/12/2013', 'Female', 289.69, '(33) 98012760', '(44) 93261714', 'hbedbrough7@msn.com', 8);
insert into Vendedor (idVendedor, Nome, CPF, DataNascimento, Sexo, Comissao, Fone, Celular, email, IdEndereco) values (9, 'Garner Walaron', '287.085.429-53', '26/02/2022', 'Female', 61.21, '(59) 95299368', '(81) 99578631', 'gwalaron8@desdev.cn', 9);
insert into Vendedor (idVendedor, Nome, CPF, DataNascimento, Sexo, Comissao, Fone, Celular, email, IdEndereco) values (10, 'Rusty Cordy', '012.731.788-30', '14/01/2007', 'Male', 152.75, '(09) 98048020', '(21) 98857048', 'rcordy9@japanpost.jp', 10);

insert into Compra (IdCompra, SKU, Quantidade, Valor, Fornecedor, Data) values (4744, 5652, 15, 138.90, 'Tambee', '13/06/2022');
insert into Compra (IdCompra, SKU, Quantidade, Valor, Fornecedor, Data) values (1057, 5124, 18, 117.64, 'Tagopia', '30/11/2021');
insert into Compra (IdCompra, SKU, Quantidade, Valor, Fornecedor, Data) values (1203, 5540, 4, 266.06, 'Edgeify', '23/09/2021');
insert into Compra (IdCompra, SKU, Quantidade, Valor, Fornecedor, Data) values (2442, 7186, 20, 153.48, 'Demivee', '13/05/2022');
insert into Compra (IdCompra, SKU, Quantidade, Valor, Fornecedor, Data) values (2918, 548, 28, 499.36, 'Demimbu', '20/10/2021');
insert into Compra (IdCompra, SKU, Quantidade, Valor, Fornecedor, Data) values (1236, 2819, 22, 329.63, 'Meemm', '31/03/2022');
insert into Compra (IdCompra, SKU, Quantidade, Valor, Fornecedor, Data) values (778, 1161, 21, 375.52, 'Zazio', '07/04/2022');
insert into Compra (IdCompra, SKU, Quantidade, Valor, Fornecedor, Data) values (3441, 2637, 26, 253.99, 'Jatri', '21/01/2022');
insert into Compra (IdCompra, SKU, Quantidade, Valor, Fornecedor, Data) values (1356, 5437, 20, 497.41, 'Fivebridge', '10/08/2022');
insert into Compra (IdCompra, SKU, Quantidade, Valor, Fornecedor, Data) values (4928, 3654, 2, 204.56, 'Flipopia', '28/09/2021');
insert into Compra (IdCompra, SKU, Quantidade, Valor, Fornecedor, Data) values (1369, 6389, 21, 212.84, 'Tagfeed', '08/02/2022');
insert into Compra (IdCompra, SKU, Quantidade, Valor, Fornecedor, Data) values (4017, 675, 9, 398.18, 'Gabtune', '27/11/2021');
insert into Compra (IdCompra, SKU, Quantidade, Valor, Fornecedor, Data) values (688, 2306, 12, 146.62, 'Oodoo', '03/02/2022');
insert into Compra (IdCompra, SKU, Quantidade, Valor, Fornecedor, Data) values (4237, 9263, 24, 185.33, 'Photofeed', '13/05/2022');
insert into Compra (IdCompra, SKU, Quantidade, Valor, Fornecedor, Data) values (835, 4501, 25, 414.88, 'Shuffledrive', '12/08/2022');

insert into Livro_has_Venda (Quantidade) values (45);
insert into Livro_has_Venda (Quantidade) values (22);
insert into Livro_has_Venda (Quantidade) values (39);
insert into Livro_has_Venda (Quantidade) values (26);
insert into Livro_has_Venda (Quantidade) values (28);
insert into Livro_has_Venda (Quantidade) values (26);
insert into Livro_has_Venda (Quantidade) values (44);
insert into Livro_has_Venda (Quantidade) values (20);
insert into Livro_has_Venda (Quantidade) values (48);
insert into Livro_has_Venda (Quantidade) values (42);

insert into Livro_Venda (QuantidadeItem) values (21);
insert into Livro_Venda (QuantidadeItem) values (42);
insert into Livro_Venda (QuantidadeItem) values (37);
insert into Livro_Venda (QuantidadeItem) values (44);
insert into Livro_Venda (QuantidadeItem) values (28);
insert into Livro_Venda (QuantidadeItem) values (17);
insert into Livro_Venda (QuantidadeItem) values (8);
insert into Livro_Venda (QuantidadeItem) values (16);
insert into Livro_Venda (QuantidadeItem) values (25);
insert into Livro_Venda (QuantidadeItem) values (33);

insert into Usuario (idUsuario, User, Nome, Email, Senha, Admnistrador) values (573, 'atorre0', 'Arie Torre', 'atorre0@webs.com', 'N4knKrbnfn', TRUE);
insert into Usuario (idUsuario, User, Nome, Email, Senha, Admnistrador) values (470, 'cedgley1', 'Clare Edgley', 'cedgley1@domainmarket.com', 'eMQSpDOSNA2', FALSE);
insert into Usuario (idUsuario, User, Nome, Email, Senha, Admnistrador) values (922, 'sheathcott2', 'Sam Heathcott', 'sheathcott2@delicious.com', 'OJ0jJcOHh1', FALSE);
insert into Usuario (idUsuario, User, Nome, Email, Senha, Admnistrador) values (932, 'amcgurn3', 'Ardelle McGurn', 'amcgurn3@mtv.com', '4rTtjMrx2SO', FALSE);
insert into Usuario (idUsuario, User, Nome, Email, Senha, Admnistrador) values (281, 'kthorlby4', 'Kory Thorlby', 'kthorlby4@bloglines.com', 'IWABUeXXMe', FALSE);
insert into Usuario (idUsuario, User, Nome, Email, Senha, Admnistrador) values (235, 'wcuell5', 'Wendall Cuell', 'wcuell5@xrea.com', 'SCrUU7BSDcT', FALSE);
insert into Usuario (idUsuario, User, Nome, Email, Senha, Admnistrador) values (154, 'ybleazard6', 'Ysabel Bleazard', 'ybleazard6@ycombinator.com', 'bidq10TWz', FALSE);
insert into Usuario (idUsuario, User, Nome, Email, Senha, Admnistrador) values (778, 'jguichard7', 'Jerry Guichard', 'jguichard7@tuttocitta.it', 'W0qBnni', FALSE);
insert into Usuario (idUsuario, User, Nome, Email, Senha, Admnistrador) values (493, 'mbreinlein8', 'Moselle Breinlein', 'mbreinlein8@imdb.com', 'JXxVl8', FALSE);
insert into Usuario (idUsuario, User, Nome, Email, Senha, Admnistrador) values (242, 'hros9', 'Hillery Ros', 'hros9@wikipedia.org', 'YndTD9F', FALSE);
insert into Usuario (idUsuario, User, Nome, Email, Senha, Admnistrador) values (242, 'sabrina', 'sabrina cezar', 'sabrina@wikipedia.org', 'sabrina', FALSE);

insert into HistoricoDePrecos (IdHistoricoDePrecos, DataAlteracao, Preco) values (586, '23/07/2022', 20.26);
insert into HistoricoDePrecos (IdHistoricoDePrecos, DataAlteracao, Preco) values (380, '20/03/2022', 30.30);
insert into HistoricoDePrecos (IdHistoricoDePrecos, DataAlteracao, Preco) values (358, '11/05/2022', 27.33);
insert into HistoricoDePrecos (IdHistoricoDePrecos, DataAlteracao, Preco) values (384, '24/04/2022', 22.44);
insert into HistoricoDePrecos (IdHistoricoDePrecos, DataAlteracao, Preco) values (565, '09/09/2021', 13.57);

insert into Devolucao (codDevolucao, idProduto, idVenda, Motivo, Data) values (5357, 5604, 8877, 'Nullam sit amet turpis elementum ligula vehicula consequat. Morbi a ipsum.', '24/08/2022');
insert into Devolucao (codDevolucao, idProduto, idVenda, Motivo, Data) values (389, 2974, 5825, 'Nulla nisl. Nunc nisl.', '05/07/2022');
insert into Devolucao (codDevolucao, idProduto, idVenda, Motivo, Data) values (573, 2935, 8435, 'Cum sociis natoque penatibus et magnis dis parturient montes, nascetur ridiculus mus. Vivamus vestibulum sagittis sapien. Cum sociis natoque penatibus et magnis dis parturient montes, nascetur ridiculus mus. Etiam vel augue. Vestibulum rutrum rutrum neque.', '17/10/2021');
insert into Devolucao (codDevolucao, idProduto, idVenda, Motivo, Data) values (1520, 3344, 5881, 'Sed vel enim sit amet nunc viverra dapibus. Nulla suscipit ligula in lacus. Curabitur at ipsum ac tellus semper interdum. Mauris ullamcorper purus sit amet nulla.', '08/02/2022');
insert into Devolucao (codDevolucao, idProduto, idVenda, Motivo, Data) values (7520, 2664, 4910, 'Morbi non lectus.', '02/09/2021');

insert into Venda (idVenda, SKULivro, FormaPagamento, Data, Valor, Cliente_IdCliente, Vendedor_IdVendedor) values (1, 1, 'mastercard', '24/12/2014', 843.30, 1, 1);
insert into Venda (idVenda, SKULivro, FormaPagamento, Data, Valor, Cliente_IdCliente, Vendedor_IdVendedor) values (2, 2, 'mastercard', '29/10/2010', 321.53, 2, 2);
insert into Venda (idVenda, SKULivro, FormaPagamento, Data, Valor, Cliente_IdCliente, Vendedor_IdVendedor) values (3, 3, 'elo', '23/10/2013', 699.70, 3, 3);
insert into Venda (idVenda, SKULivro, FormaPagamento, Data, Valor, Cliente_IdCliente, Vendedor_IdVendedor) values (4, 4, 'mastercard', '31/10/2011', 258.34, 4, 4);
insert into Venda (idVenda, SKULivro, FormaPagamento, Data, Valor, Cliente_IdCliente, Vendedor_IdVendedor) values (5, 5, 'pix', '12/11/2013', 839.71, 5, 5);
insert into Venda (idVenda, SKULivro, FormaPagamento, Data, Valor, Cliente_IdCliente, Vendedor_IdVendedor) values (6, 6, 'mastercard', '08/07/2017', 223.97, 6, 6);
insert into Venda (idVenda, SKULivro, FormaPagamento, Data, Valor, Cliente_IdCliente, Vendedor_IdVendedor) values (7, 7, 'elo', '23/09/2012', 50.25, 7, 7);
insert into Venda (idVenda, SKULivro, FormaPagamento, Data, Valor, Cliente_IdCliente, Vendedor_IdVendedor) values (8, 8, 'mastercard', '02/03/2022', 235.41, 8, 8);
insert into Venda (idVenda, SKULivro, FormaPagamento, Data, Valor, Cliente_IdCliente, Vendedor_IdVendedor) values (9, 9, 'elo', '05/10/2017', 337.34, 9, 9);
insert into Venda (idVenda, SKULivro, FormaPagamento, Data, Valor, Cliente_IdCliente, Vendedor_IdVendedor) values (10, 10, 'mastercard', '06/06/2019', 652.42, 10, 10);
insert into Venda (idVenda, SKULivro, FormaPagamento, Data, Valor, Cliente_IdCliente, Vendedor_IdVendedor) values (11, 11, 'mastercard', '21/11/2020', 723.60, 11, 1);
insert into Venda (idVenda, SKULivro, FormaPagamento, Data, Valor, Cliente_IdCliente, Vendedor_IdVendedor) values (12, 12, 'mastercard', '25/06/2019', 12.45, 12, 2);
insert into Venda (idVenda, SKULivro, FormaPagamento, Data, Valor, Cliente_IdCliente, Vendedor_IdVendedor) values (13, 13, 'elo', '01/02/2019', 701.97, 13, 3);
insert into Venda (idVenda, SKULivro, FormaPagamento, Data, Valor, Cliente_IdCliente, Vendedor_IdVendedor) values (14, 14, 'pix', '14/12/2014', 88.96, 14, 4);
insert into Venda (idVenda, SKULivro, FormaPagamento, Data, Valor, Cliente_IdCliente, Vendedor_IdVendedor) values (15, 15, 'pix', '20/07/2016', 743.50, 15, 5);
insert into Venda (idVenda, SKULivro, FormaPagamento, Data, Valor, Cliente_IdCliente, Vendedor_IdVendedor) values (16, 16, 'mastercard', '14/02/2019', 236.48, 16, 6);
insert into Venda (idVenda, SKULivro, FormaPagamento, Data, Valor, Cliente_IdCliente, Vendedor_IdVendedor) values (17, 17, 'mastercard', '09/05/2013', 202.30, 17, 7);
insert into Venda (idVenda, SKULivro, FormaPagamento, Data, Valor, Cliente_IdCliente, Vendedor_IdVendedor) values (18, 18, 'pix', '24/05/2011', 158.53, 18, 8);
insert into Venda (idVenda, SKULivro, FormaPagamento, Data, Valor, Cliente_IdCliente, Vendedor_IdVendedor) values (19, 19, 'mastercard', '01/09/2017', 251.24, 19, 9);
insert into Venda (idVenda, SKULivro, FormaPagamento, Data, Valor, Cliente_IdCliente, Vendedor_IdVendedor) values (20, 20, 'mastercard', '08/09/2021', 641.44, 20, 10);
insert into Venda (idVenda, SKULivro, FormaPagamento, Data, Valor, Cliente_IdCliente, Vendedor_IdVendedor) values (21, 21, 'dinheiro', '23/02/2011', 242.96, 21, 1);
insert into Venda (idVenda, SKULivro, FormaPagamento, Data, Valor, Cliente_IdCliente, Vendedor_IdVendedor) values (22, 22, 'mastercard', '18/01/2017', 25.69, 22, 2);
insert into Venda (idVenda, SKULivro, FormaPagamento, Data, Valor, Cliente_IdCliente, Vendedor_IdVendedor) values (23, 23, 'dinheiro', '16/11/2015', 673.85, 23, 3);
insert into Venda (idVenda, SKULivro, FormaPagamento, Data, Valor, Cliente_IdCliente, Vendedor_IdVendedor) values (24, 24, 'elo', '11/11/2012', 455.62, 24, 4);
insert into Venda (idVenda, SKULivro, FormaPagamento, Data, Valor, Cliente_IdCliente, Vendedor_IdVendedor) values (25, 25, 'dinheiro', '15/09/2017', 366.20, 25, 5);
insert into Venda (idVenda, SKULivro, FormaPagamento, Data, Valor, Cliente_IdCliente, Vendedor_IdVendedor) values (26, 26, 'mastercard', '25/09/2016', 438.77, 26, 6);
insert into Venda (idVenda, SKULivro, FormaPagamento, Data, Valor, Cliente_IdCliente, Vendedor_IdVendedor) values (27, 27, 'dinheiro', '06/07/2010', 925.50, 27, 7);
insert into Venda (idVenda, SKULivro, FormaPagamento, Data, Valor, Cliente_IdCliente, Vendedor_IdVendedor) values (28, 28, 'pix', '04/04/2021', 525.86, 28, 8);
insert into Venda (idVenda, SKULivro, FormaPagamento, Data, Valor, Cliente_IdCliente, Vendedor_IdVendedor) values (29, 29, 'mastercard', '26/08/2022', 202.82, 29, 9);
insert into Venda (idVenda, SKULivro, FormaPagamento, Data, Valor, Cliente_IdCliente, Vendedor_IdVendedor) values (30, 30, 'mastercard', '07/06/2011', 686.08, 30, 10);

insert into Livro (SKU, ISBN, Nome, Editora, Estoque, Genero, Preco, IdAutor) values (1, '233172906-9', 'Sicilian Clan, The (Clan des Siciliens, Le)', 'Leannon-Ward', 100, 'Aventura', 451.30, 1);
insert into Livro (SKU, ISBN, Nome, Editora, Estoque, Genero, Preco, IdAutor) values (2, '069659874-4', 'Buffet froid', 'Olson Group', 92, 'Ação', 306.90, 2);
insert into Livro (SKU, ISBN, Nome, Editora, Estoque, Genero, Preco, IdAutor) values (3, '729010340-8', 'Flight of Fury', 'Herman-Gleason', 69, 'Ação', 156.57, 3);
insert into Livro (SKU, ISBN, Nome, Editora, Estoque, Genero, Preco, IdAutor) values (4, '945731493-X', 'Liebelei', 'Funk Inc', 31, 'Romance', 176.43, 4);
insert into Livro (SKU, ISBN, Nome, Editora, Estoque, Genero, Preco, IdAutor) values (5, '536892788-6', 'N Word, The', 'Friesen-Koch', 53, 'Aventura', 158.71, 5);
insert into Livro (SKU, ISBN, Nome, Editora, Estoque, Genero, Preco, IdAutor) values (6, '413019238-8', 'Bell, Book and Candle', 'Feil Inc', 100, 'Romance', 168.24, 6);
insert into Livro (SKU, ISBN, Nome, Editora, Estoque, Genero, Preco, IdAutor) values (7, '271743784-3', 'Angel Eyes', 'Weimann, Kiehn and Nienow', 86, 'Aventura', 269.49, 7);
insert into Livro (SKU, ISBN, Nome, Editora, Estoque, Genero, Preco, IdAutor) values (8, '674180056-5', 'Enigma', 'Kirlin, Hickle and Hirthe', 70, 'AutoAjuda', 288.69, 8);
insert into Livro (SKU, ISBN, Nome, Editora, Estoque, Genero, Preco, IdAutor) values (9, '038451541-X', 'Serbian Film, A (Srpski film)', 'McCullough and Sons', 43, 'Aventura', 89.44, 9);
insert into Livro (SKU, ISBN, Nome, Editora, Estoque, Genero, Preco, IdAutor) values (10, '069595454-7', 'Eulogy', 'Rempel-Moore', 63, 'Terror', 143.23, 10);
insert into Livro (SKU, ISBN, Nome, Editora, Estoque, Genero, Preco, IdAutor) values (11, '679534430-4', 'Predestination', 'Grady, Mohr and Welch', 29, 'Ficção Científica', 198.33, 11);
insert into Livro (SKU, ISBN, Nome, Editora, Estoque, Genero, Preco, IdAutor) values (12, '263776583-6', 'Port of Flowers', 'Homenick and Sons', 72, 'AutoAjuda', 396.29, 12);
insert into Livro (SKU, ISBN, Nome, Editora, Estoque, Genero, Preco, IdAutor) values (13, '358801769-0', '¡Alambrista! (Illegal, The)', 'Ernser-Jerde', 10, 'AutoAjuda', 204.34, 13);
insert into Livro (SKU, ISBN, Nome, Editora, Estoque, Genero, Preco, IdAutor) values (14, '292290516-0', 'Music From Another Room', 'Tillman-Bednar', 15, 'Romance', 399.21, 14);
insert into Livro (SKU, ISBN, Nome, Editora, Estoque, Genero, Preco, IdAutor) values (15, '228645684-4', 'Matter of Taste, A (Affaire de Goût, Une)', 'Connelly Group', 58, 'Terror', 398.91, 15);
insert into Livro (SKU, ISBN, Nome, Editora, Estoque, Genero, Preco, IdAutor) values (16, '383028190-0', 'On the Threshold (Lars i porten)', 'Hamill, Hermiston and Wintheiser', 79, 'Aventura', 353.32, 16);
insert into Livro (SKU, ISBN, Nome, Editora, Estoque, Genero, Preco, IdAutor) values (17, '756924249-1', 'Carnal Knowledge', 'Cartwright Group', 46, 'Terror', 51.84, 17);
insert into Livro (SKU, ISBN, Nome, Editora, Estoque, Genero, Preco, IdAutor) values (18, '301069263-3', 'Shattered', 'Koepp Group', 43, 'Ficção Científica', 122.37, 18);
insert into Livro (SKU, ISBN, Nome, Editora, Estoque, Genero, Preco, IdAutor) values (19, '399483784-7', 'Spacehunter: Adventures in the Forbidden Zone', 'Pouros, Hauck and Wiegand', 20, 'Ficção Científica', 95.96, 19);
insert into Livro (SKU, ISBN, Nome, Editora, Estoque, Genero, Preco, IdAutor) values (20, '113380786-0', 'Onion Movie, The', 'Gutkowski LLC', 100, 'Gastronomia', 100.13, 20);
insert into Livro (SKU, ISBN, Nome, Editora, Estoque, Genero, Preco, IdAutor) values (21, '546613956-4', 'Eat a Bowl of Tea', 'Klein, Lang and Bergstrom', 63, 'Romance', 85.46, 21);
insert into Livro (SKU, ISBN, Nome, Editora, Estoque, Genero, Preco, IdAutor) values (22, '858968985-9', 'Crush, The (La cotta)', 'Hartmann, Shields and Harris', 51, 'Romance', 238.80, 22);
insert into Livro (SKU, ISBN, Nome, Editora, Estoque, Genero, Preco, IdAutor) values (23, '334916753-5', 'Ivanhoe', 'Bode-Leannon', 19, 'Romance', 301.15, 23);
insert into Livro (SKU, ISBN, Nome, Editora, Estoque, Genero, Preco, IdAutor) values (24, '647177485-0', 'Get a Horse!', 'Rippin-Grant', 94, 'Ficção Científica', 276.32, 24);
insert into Livro (SKU, ISBN, Nome, Editora, Estoque, Genero, Preco, IdAutor) values (25, '506349174-X', 'Krrish 3', 'Cruickshank, Herman and Maggio', 78, 'Aventura', 373.23, 25);
insert into Livro (SKU, ISBN, Nome, Editora, Estoque, Genero, Preco, IdAutor) values (26, '941605920-X', 'Jumper', 'McClure, Maggio and Farrell', 97, 'Gastronomia', 435.76, 26);
insert into Livro (SKU, ISBN, Nome, Editora, Estoque, Genero, Preco, IdAutor) values (27, '945979977-9', 'Dragon Day', 'Block, Ryan and Pacocha', 96, 'Gastronomia', 300.54, 27);
insert into Livro (SKU, ISBN, Nome, Editora, Estoque, Genero, Preco, IdAutor) values (28, '977867605-4', 'Dynamite Girl (Dynamiittityttö)', 'Toy-Russel', 27, 'Ficção Científica', 359.25, 28);
insert into Livro (SKU, ISBN, Nome, Editora, Estoque, Genero, Preco, IdAutor) values (29, '271531636-4', 'Congorama', 'Quigley, Bergstrom and Bernier', 72, 'Gastronomia', 71.68, 29);
insert into Livro (SKU, ISBN, Nome, Editora, Estoque, Genero, Preco, IdAutor) values (30, '201141862-3', 'Kid, The', 'Stroman Group', 52, 'Aventura', 205.47, 30);

insert into Autor (IdAutor, Nome) values (1, 'Genni Latehouse');
insert into Autor (IdAutor, Nome) values (2, 'Rosette Lindsey');
insert into Autor (IdAutor, Nome) values (3, 'Pippo Bickle');
insert into Autor (IdAutor, Nome) values (4, 'Blondie Hawkwood');
insert into Autor (IdAutor, Nome) values (5, 'Ursala Dimitrijevic');
insert into Autor (IdAutor, Nome) values (6, 'Broddie Crosham');
insert into Autor (IdAutor, Nome) values (7, 'Tess Folds');
insert into Autor (IdAutor, Nome) values (8, 'Clementine Tregunnah');
insert into Autor (IdAutor, Nome) values (9, 'Gabriele Gilbanks');
insert into Autor (IdAutor, Nome) values (10, 'Sergio Hunte');
insert into Autor (IdAutor, Nome) values (11, 'Granville Finder');
insert into Autor (IdAutor, Nome) values (12, 'Rahel Sizeland');
insert into Autor (IdAutor, Nome) values (13, 'Eleanor Gowanson');
insert into Autor (IdAutor, Nome) values (14, 'Ransell Howler');
insert into Autor (IdAutor, Nome) values (15, 'Bernete De Blasiis');
insert into Autor (IdAutor, Nome) values (16, 'Esme Hatherley');
insert into Autor (IdAutor, Nome) values (17, 'Myrna Spurden');
insert into Autor (IdAutor, Nome) values (18, 'Rip Tumasian');
insert into Autor (IdAutor, Nome) values (19, 'Aurelea Sandcraft');
insert into Autor (IdAutor, Nome) values (20, 'Tallulah Canfield');
insert into Autor (IdAutor, Nome) values (21, 'Jewel Josovich');
insert into Autor (IdAutor, Nome) values (22, 'Egor Patience');
insert into Autor (IdAutor, Nome) values (23, 'Fairleigh Hudleston');
insert into Autor (IdAutor, Nome) values (24, 'Glennis Conaboy');
insert into Autor (IdAutor, Nome) values (25, 'Nettle Gratrix');
insert into Autor (IdAutor, Nome) values (26, 'Morse Poytress');
insert into Autor (IdAutor, Nome) values (27, 'Deanna Reichelt');
insert into Autor (IdAutor, Nome) values (28, 'Kinna Buggy');
insert into Autor (IdAutor, Nome) values (29, 'Crichton Trenbey');
insert into Autor (IdAutor, Nome) values (30, 'Bobina Grazier');